<?xml version="1.0" encoding="UTF-8"?>
<project-private xmlns="http://www.netbeans.org/ns/project-private/1">
    <editor-bookmarks xmlns="http://www.netbeans.org/ns/editor-bookmarks/2" lastBookmarkId="1">
        <file>
            <url>src/presetreaderandwriter/PresetReaderAndWriter.java</url>
            <bookmark id="1">
                <name/>
                <line>37</line>
                <key/>
            </bookmark>
        </file>
    </editor-bookmarks>
    <open-files xmlns="http://www.netbeans.org/ns/projectui-open-files/2">
        <group>
            <file>file:/C:/Users/User/Desktop/PresetReaderAndWriter2.0+Grafica1.0/src/presetreaderandwriter/NewJFrame.java</file>
            <file>file:/C:/Users/User/Desktop/PresetReaderAndWriter2.0+Grafica1.0/src/presetreaderandwriter/Writer.java</file>
        </group>
    </open-files>
</project-private>
